Year,Early,Election day,Mail
2018,28.6251058792491,64.3098842618307,7.06500985892024
2020,32.3995811697613,14.3932065208444,49.4886780835224
2022,21.5763120021659,59.116031861383,19.3076561364511
